representation,layer,hand,split,n,r2,angular_error_deg,clf_accuracy
hidden_last,0,minute,shuffled_labels,480,-0.0048826683883166355,96.65428398450216,0.04791666666666667
hidden_last,1,minute,shuffled_labels,480,-0.22528904186980214,86.96899227349398,0.0875
hidden_last,2,minute,shuffled_labels,480,-0.2168785731486218,86.3250297621203,0.08541666666666667
hidden_last,3,minute,shuffled_labels,480,-0.223567305695472,86.47633542617162,0.06875
hidden_last,4,minute,shuffled_labels,480,-0.21538162338097988,85.99056338484709,0.07291666666666667
hidden_last,5,minute,shuffled_labels,480,-0.22688109831733916,86.14054949327061,0.08125
hidden_last,6,minute,shuffled_labels,480,-0.22604873157738803,86.7967664146175,0.075
hidden_last,7,minute,shuffled_labels,480,-0.19796111362255564,83.41530888831863,0.06666666666666667
hidden_last,8,minute,shuffled_labels,480,-0.2023668966813491,83.05141661499316,0.06875
hidden_last,9,minute,shuffled_labels,480,-0.18701358790989075,83.1291423269858,0.08958333333333333
hidden_last,10,minute,shuffled_labels,480,-0.2125349571762779,85.84946649223566,0.07291666666666667
hidden_last,11,minute,shuffled_labels,480,-0.2024065314302007,84.35779432579875,0.08541666666666667
hidden_last,12,minute,shuffled_labels,480,-0.18718908746235396,85.65013992177943,0.07708333333333334
hidden_last,13,minute,shuffled_labels,480,-0.1939696403291904,84.62715174828966,0.075
hidden_last,14,minute,shuffled_labels,480,-0.2018568649923309,85.0984885694459,0.07291666666666667
hidden_last,15,minute,shuffled_labels,480,-0.22113157280087625,85.23508325299869,0.07916666666666666
hidden_last,16,minute,shuffled_labels,480,-0.21350818920586878,85.35669872459646,0.08333333333333333
hidden_last,17,minute,shuffled_labels,480,-0.21610512433199214,85.98779135110478,0.08333333333333333
hidden_last,18,minute,shuffled_labels,480,-0.20801524836763097,86.37338762221238,0.08333333333333333
hidden_last,19,minute,shuffled_labels,480,-0.22145439245979914,87.34710765288521,0.09791666666666667
hidden_last,20,minute,shuffled_labels,480,-0.19981635808197062,84.73973573744297,0.08333333333333333
hidden_last,21,minute,shuffled_labels,480,-0.18760263100774577,82.11292355259259,0.07291666666666667
hidden_last,22,minute,shuffled_labels,480,-0.1976115105493068,86.17457492873072,0.0875
hidden_last,23,minute,shuffled_labels,480,-0.2385646419444437,88.07039633855844,0.08541666666666667
hidden_last,24,minute,shuffled_labels,480,-0.22089323353264312,83.71866805559645,0.07291666666666667
hidden_last,25,minute,shuffled_labels,480,-0.2309713138247128,85.21329626577595,0.08958333333333333
hidden_last,26,minute,shuffled_labels,480,-0.2555865430314609,87.19505907210211,0.09375
hidden_last,27,minute,shuffled_labels,480,-0.2448165841594444,87.57032505931953,0.09166666666666666
hidden_last,28,minute,shuffled_labels,480,-0.23062484427073326,87.33658856269128,0.08333333333333333
hidden_last,29,minute,shuffled_labels,480,-0.2440408137172978,89.00673198001459,0.07083333333333333
hidden_last,30,minute,shuffled_labels,480,-0.27580074983922587,91.13529987645646,0.075
hidden_last,31,minute,shuffled_labels,480,-0.2819056297928598,91.28479162409592,0.07708333333333334
hidden_last,32,minute,shuffled_labels,480,-0.22344069470386563,88.79194788075984,0.06458333333333334
hidden_last,33,minute,shuffled_labels,480,-0.2015762152136057,88.51395481303334,0.07291666666666667
hidden_last,34,minute,shuffled_labels,480,-0.1826290874773655,85.9069363179927,0.08541666666666667
hidden_last,35,minute,shuffled_labels,480,-0.1927802359638895,85.76761168520898,0.08125
hidden_last,36,minute,shuffled_labels,480,-0.17619335051333063,85.19060109214236,0.0875
hidden_last,0,hour,shuffled_labels,480,-0.009013547185373172,91.36100651423136,0.08125
hidden_last,1,hour,shuffled_labels,480,-0.3645718987008991,91.42506808464726,0.09375
hidden_last,2,hour,shuffled_labels,480,-0.3537918110130316,92.64356291554869,0.09166666666666666
hidden_last,3,hour,shuffled_labels,480,-0.3843474114562959,93.393395735727,0.08958333333333333
hidden_last,4,hour,shuffled_labels,480,-0.34452011200072596,91.83868000513563,0.0875
hidden_last,5,hour,shuffled_labels,480,-0.3551437318097975,91.48399717472493,0.09166666666666666
hidden_last,6,hour,shuffled_labels,480,-0.3486682258909727,91.12596027155718,0.09166666666666666
hidden_last,7,hour,shuffled_labels,480,-0.33155853861605966,90.38199503868819,0.08125
hidden_last,8,hour,shuffled_labels,480,-0.3428177003239542,92.98658875847856,0.08333333333333333
hidden_last,9,hour,shuffled_labels,480,-0.3585200974533884,92.07319736345671,0.09583333333333334
hidden_last,10,hour,shuffled_labels,480,-0.3341790540631586,92.89837454923739,0.08333333333333333
hidden_last,11,hour,shuffled_labels,480,-0.3441678780013323,93.79141868496663,0.09166666666666666
hidden_last,12,hour,shuffled_labels,480,-0.36626916202006665,94.77842673063279,0.09583333333333334
hidden_last,13,hour,shuffled_labels,480,-0.3410837379225674,94.84164548671494,0.1
hidden_last,14,hour,shuffled_labels,480,-0.3295027878961968,93.84363162374744,0.09583333333333334
hidden_last,15,hour,shuffled_labels,480,-0.33108196229890385,93.85813534688205,0.1
hidden_last,16,hour,shuffled_labels,480,-0.31610154919657973,90.83454556002592,0.09583333333333334
hidden_last,17,hour,shuffled_labels,480,-0.32534927771577327,92.5108142827948,0.08958333333333333
hidden_last,18,hour,shuffled_labels,480,-0.3255383894502941,93.18996088770218,0.09375
hidden_last,19,hour,shuffled_labels,480,-0.264209158016107,89.1474067683642,0.10625
hidden_last,20,hour,shuffled_labels,480,-0.264226393435099,90.01089879659315,0.09583333333333334
hidden_last,21,hour,shuffled_labels,480,-0.3135206590501398,91.81703264635676,0.08333333333333333
hidden_last,22,hour,shuffled_labels,480,-0.32090668349421947,90.23829464217027,0.08541666666666667
hidden_last,23,hour,shuffled_labels,480,-0.26810199600136864,89.11990325078368,0.10208333333333333
hidden_last,24,hour,shuffled_labels,480,-0.2758692990450752,90.33676192307225,0.09583333333333334
hidden_last,25,hour,shuffled_labels,480,-0.2738349940879051,90.43280862867832,0.09166666666666666
hidden_last,26,hour,shuffled_labels,480,-0.27132248731632636,89.66913562764724,0.09791666666666667
hidden_last,27,hour,shuffled_labels,480,-0.29785185616270937,93.25555291165462,0.10208333333333333
hidden_last,28,hour,shuffled_labels,480,-0.28067074760161004,93.76527726074565,0.09791666666666667
hidden_last,29,hour,shuffled_labels,480,-0.21460055579867,88.25220575903853,0.09583333333333334
hidden_last,30,hour,shuffled_labels,480,-0.24755781762209395,89.27934347749688,0.11666666666666667
hidden_last,31,hour,shuffled_labels,480,-0.2609993999044349,89.37763088497644,0.09791666666666667
hidden_last,32,hour,shuffled_labels,480,-0.2608435242932514,91.0436268588528,0.09375
hidden_last,33,hour,shuffled_labels,480,-0.2615786168718638,90.99907923688491,0.10416666666666667
hidden_last,34,hour,shuffled_labels,480,-0.23444822100237184,91.25255590130885,0.10625
hidden_last,35,hour,shuffled_labels,480,-0.2493138142356245,91.71403524992056,0.1125
hidden_last,36,hour,shuffled_labels,480,-0.24642648912018184,91.0017957676823,0.1125
hidden_meanpool,0,minute,shuffled_labels,480,-0.2509691103410727,87.61323096654378,0.0875
hidden_meanpool,1,minute,shuffled_labels,480,-0.23009220010444664,86.91283758797994,0.07708333333333334
hidden_meanpool,2,minute,shuffled_labels,480,-0.2306473144829384,86.59546139395485,0.07291666666666667
hidden_meanpool,3,minute,shuffled_labels,480,-0.23288547369445023,86.74270986442765,0.07708333333333334
hidden_meanpool,4,minute,shuffled_labels,480,-0.22534268099351784,86.26067409285655,0.08333333333333333
hidden_meanpool,5,minute,shuffled_labels,480,-0.23989261348525026,87.25518471640535,0.075
hidden_meanpool,6,minute,shuffled_labels,480,-0.23946735487931692,86.80537935082491,0.07916666666666666
hidden_meanpool,7,minute,shuffled_labels,480,-0.21852498767457684,86.96907737550015,0.075
hidden_meanpool,8,minute,shuffled_labels,480,-0.2091298129669371,86.00331600469848,0.08958333333333333
hidden_meanpool,9,minute,shuffled_labels,480,-0.20607228720630966,86.69935161632796,0.08125
hidden_meanpool,10,minute,shuffled_labels,480,-0.2099140863866138,86.01665286033725,0.08333333333333333
hidden_meanpool,11,minute,shuffled_labels,480,-0.2152236224413554,86.27469258295993,0.075
hidden_meanpool,12,minute,shuffled_labels,480,-0.2128446332973819,87.87955825279157,0.07291666666666667
hidden_meanpool,13,minute,shuffled_labels,480,-0.22529510947355336,87.70205412060022,0.07916666666666666
hidden_meanpool,14,minute,shuffled_labels,480,-0.2049417342328571,87.20705894331137,0.07083333333333333
hidden_meanpool,15,minute,shuffled_labels,480,-0.1969370788277226,86.00250454967221,0.07291666666666667
hidden_meanpool,16,minute,shuffled_labels,480,-0.2333428118306452,89.00180720353188,0.06666666666666667
hidden_meanpool,17,minute,shuffled_labels,480,-0.2010306283821105,85.53305901478355,0.08333333333333333
hidden_meanpool,18,minute,shuffled_labels,480,-0.20548981219956675,85.51010066022475,0.09166666666666666
hidden_meanpool,19,minute,shuffled_labels,480,-0.1864231016853809,85.65598285856346,0.08541666666666667
hidden_meanpool,20,minute,shuffled_labels,480,-0.15589739396222313,83.69464956671,0.07708333333333334
hidden_meanpool,21,minute,shuffled_labels,480,-0.17312314406615092,85.27548892870546,0.07916666666666666
hidden_meanpool,22,minute,shuffled_labels,480,-0.16019058384883234,82.69609137599667,0.07708333333333334
hidden_meanpool,23,minute,shuffled_labels,480,-0.17976147397062947,83.21135524489607,0.07708333333333334
hidden_meanpool,24,minute,shuffled_labels,480,-0.20429711239710058,87.00240798857219,0.08125
hidden_meanpool,25,minute,shuffled_labels,480,-0.20224738732251957,86.68353354794284,0.075
hidden_meanpool,26,minute,shuffled_labels,480,-0.1883301772803847,85.10006858160098,0.075
hidden_meanpool,27,minute,shuffled_labels,480,-0.17511214812039577,85.37613706638416,0.07916666666666666
hidden_meanpool,28,minute,shuffled_labels,480,-0.1617202796103273,85.25052197429662,0.07083333333333333
hidden_meanpool,29,minute,shuffled_labels,480,-0.17468161831722917,85.74542807666585,0.0875
hidden_meanpool,30,minute,shuffled_labels,480,-0.16729614504231527,85.755008116867,0.08125
hidden_meanpool,31,minute,shuffled_labels,480,-0.1777772643445561,86.29993617131065,0.09375
hidden_meanpool,32,minute,shuffled_labels,480,-0.21148869909789936,89.83674903766563,0.08958333333333333
hidden_meanpool,33,minute,shuffled_labels,480,-0.21230652040110676,89.51905180414518,0.08125
hidden_meanpool,34,minute,shuffled_labels,480,-0.20169848091810028,87.2202803949515,0.08541666666666667
hidden_meanpool,35,minute,shuffled_labels,480,-0.19530782801722157,86.56014957359682,0.075
hidden_meanpool,36,minute,shuffled_labels,480,-0.20400321026936008,88.49083163765802,0.07291666666666667
hidden_meanpool,0,hour,shuffled_labels,480,-0.29711561490660787,93.61379564385861,0.0875
hidden_meanpool,1,hour,shuffled_labels,480,-0.2833599010082377,92.41467859347661,0.075
hidden_meanpool,2,hour,shuffled_labels,480,-0.29132019543780674,92.76985372851293,0.07916666666666666
hidden_meanpool,3,hour,shuffled_labels,480,-0.2921036719815272,92.78675694111735,0.07708333333333334
hidden_meanpool,4,hour,shuffled_labels,480,-0.2906464915509325,92.54755386114121,0.08333333333333333
hidden_meanpool,5,hour,shuffled_labels,480,-0.30651248152436505,92.93260593085239,0.07708333333333334
hidden_meanpool,6,hour,shuffled_labels,480,-0.3044917897627135,92.9404630455887,0.08333333333333333
hidden_meanpool,7,hour,shuffled_labels,480,-0.29980683552373866,92.40304454310487,0.08125
hidden_meanpool,8,hour,shuffled_labels,480,-0.3184706861638096,93.15891195597747,0.08333333333333333
hidden_meanpool,9,hour,shuffled_labels,480,-0.3329430307008222,92.8097992092371,0.08958333333333333
hidden_meanpool,10,hour,shuffled_labels,480,-0.31373773858933374,92.12083886529629,0.0875
hidden_meanpool,11,hour,shuffled_labels,480,-0.3116386137120404,93.1724080077683,0.0875
hidden_meanpool,12,hour,shuffled_labels,480,-0.30917281369295524,93.07667414680279,0.09791666666666667
hidden_meanpool,13,hour,shuffled_labels,480,-0.2853114590097807,91.859877201664,0.09166666666666666
hidden_meanpool,14,hour,shuffled_labels,480,-0.31605420353138025,94.33067729860583,0.08125
hidden_meanpool,15,hour,shuffled_labels,480,-0.31833480160668814,94.76744686253369,0.08541666666666667
hidden_meanpool,16,hour,shuffled_labels,480,-0.3026713277231772,93.59195650899782,0.0875
hidden_meanpool,17,hour,shuffled_labels,480,-0.2833668349388322,91.63135092958983,0.0875
hidden_meanpool,18,hour,shuffled_labels,480,-0.294487136298745,92.46529832299179,0.0875
hidden_meanpool,19,hour,shuffled_labels,480,-0.25978994855154924,89.6538626888146,0.08125
hidden_meanpool,20,hour,shuffled_labels,480,-0.27131314300286546,91.16369424120833,0.08958333333333333
hidden_meanpool,21,hour,shuffled_labels,480,-0.29909538539406355,92.13782208363214,0.08541666666666667
hidden_meanpool,22,hour,shuffled_labels,480,-0.2713388754808318,91.80925255237769,0.0875
hidden_meanpool,23,hour,shuffled_labels,480,-0.2740506619464823,92.28809392582625,0.10208333333333333
hidden_meanpool,24,hour,shuffled_labels,480,-0.29373002379660196,93.3122379673645,0.09583333333333334
hidden_meanpool,25,hour,shuffled_labels,480,-0.25777558111133214,91.04021194043258,0.09791666666666667
hidden_meanpool,26,hour,shuffled_labels,480,-0.258973828388698,92.77574369109546,0.0875
hidden_meanpool,27,hour,shuffled_labels,480,-0.30509759624185584,92.43484346282979,0.09166666666666666
hidden_meanpool,28,hour,shuffled_labels,480,-0.3019212653572023,91.42007033703848,0.08333333333333333
hidden_meanpool,29,hour,shuffled_labels,480,-0.3021181358793845,92.62906706643601,0.09166666666666666
hidden_meanpool,30,hour,shuffled_labels,480,-0.2770059190578047,91.3891502517586,0.09166666666666666
hidden_meanpool,31,hour,shuffled_labels,480,-0.29508101592299607,92.24265058214466,0.09166666666666666
hidden_meanpool,32,hour,shuffled_labels,480,-0.2909112648031792,91.72416905177137,0.09583333333333334
hidden_meanpool,33,hour,shuffled_labels,480,-0.2846714466765615,91.24246559689442,0.09375
hidden_meanpool,34,hour,shuffled_labels,480,-0.2742816667049457,90.77397160570447,0.1
hidden_meanpool,35,hour,shuffled_labels,480,-0.25145468111944325,90.12010355072756,0.09375
hidden_meanpool,36,hour,shuffled_labels,480,-0.2641530651025443,92.03452195972204,0.10416666666666667
vision_encoder,0,minute,shuffled_labels,480,-0.2226928540938834,85.91337590801218,0.07916666666666666
vision_encoder,0,hour,shuffled_labels,480,-0.3115025550629916,94.43243686718246,0.08125
